Symbol,Name,Last Sale,Net Change,% Change,Market Cap,Country,IPO Year,Volume,Sector,Industry
AAMC,Altisource Asset Management Corp Com,$16.61,-0.72,-4.155%,34022579.00,United States,,8123,Finance,Investment Managers
AAU,Almaden Minerals Ltd. Common Shares,$0.522,-0.0188,-3.476%,71629575.00,Canada,2015,1075631,,
ACU,Acme United Corporation. Common Stock,$43.19,-0.71,-1.617%,150453531.00,United States,1988,33697,Consumer Durables,Home Furnishings
ACY,AeroCentury Corp. Common Stock,$7.48,-0.08,-1.058%,11563212.00,United States,,567645,Technology,Diversified Commercial Services
ADRA,Adara Acquisition Corp. Class A Common Stock,$9.732,-0.008,-0.082%,139897500.00,United States,2021,152,,
AE,Adams Resources & Energy Inc. Common Stock,$27.51,-0.01,-0.036%,116945423.00,United States,,14525,Energy,Oilfield Services/Equipment
AEF,Aberdeen Emerging Markets Equity Income Fund Inc. Common Stock,$8.65,0.02,0.232%,439002880.00,United States,,40467,,
AGE,AgeX Therapeutics Inc. Common Stock,$1.25,-0.05,-3.846%,47418860.00,,2018,80818,Health Care,Major Pharmaceuticals
AIM,AIM ImmunoTech Inc. Common Stock,$2.05,0.03,1.485%,81364525.00,United States,,561968,Health Care,Biotechnology: Biological Products (No Diagnostic Substances)
AINC,Ashford Inc. (Holding Company) Common Stock,$10.30,-0.90,-8.036%,30999024.00,United States,2014,26339,,
AIRI,Air Industries Group Common Stock,$1.17,-0.09,-7.143%,37483930.00,United States,,518485,Capital Goods,Military/Government/Technical
AMBO,Ambow Education Holding Ltd. American Depository Shares each representing two Class A ordinary shares,$2.44,-0.03,-1.215%,56665755.00,China,,232582,Miscellaneous,Service to the Health Industry
AMPE,Ampio Pharmaceuticals Inc.,$1.80,-0.08,-4.255%,352240430.00,United States,,920883,Health Care,Major Pharmaceuticals
AMS,American Shared Hospital Services Common Stock,$2.76,-0.04,-1.429%,16010238.00,United States,,1825516,Health Care,Medical Specialities
ANVS,Annovis Bio Inc. Common Stock,$28.86,0.25,0.874%,200498183.00,United States,2020,212947,Consumer Durables,Specialty Chemicals
APT,Alpha Pro Tech Ltd. Common Stock,$8.69,0.04,0.462%,117317181.00,Canada,,178608,,
ARMP,Armata Pharmaceuticals Inc. Common Stock,$4.06,-0.04,-0.976%,101258195.00,United States,,9808,Health Care,Biotechnology: Biological Products (No Diagnostic Substances)
ASM,Avino Silver & Gold Mines Ltd. Common Shares (Canada),$1.41,0.08,6.015%,140711294.00,Canada,,1657132,,
ASXC,Asensus Surgical Inc. Common Stock,$1.88,0.22,13.253%,437710682.00,United States,,14743297,Health Care,Medical/Dental Instruments
ATNM,Actinium Pharmaceuticals Inc. (Delaware) Common Stock,$7.02,-0.30,-4.098%,135104379.00,United States,,221268,Health Care,Major Pharmaceuticals
AUMN,Golden Minerals Company Common Stock,$0.74,-0.0191,-2.516%,120227513.00,United States,,1001304,,
AWX,Avalon Holdings Corporation Common Stock,$3.71,-0.14,-3.636%,14466889.00,United States,,209058,Public Utilities,Environmental Services
AXU,Alexco Resource Corp Common Shares (Canada),$2.98,0.09,3.114%,424479467.00,Canada,,896912,,
BATL,Battalion Oil Corporation Common Stock,$12.50,-0.32,-2.496%,203344963.00,,,78311,Energy,Oil & Gas Production
BCV,Bancroft Fund Ltd.,$30.39,-0.47,-1.523%,167685517.00,United States,,11565,,
BCV^A,Bancroft Fund Limited 5.375% Series A Cumulative Preferred Shares,$25.71,-0.07,-0.272%,,United States,,278,,
BDL,Flanigan's Enterprises Inc. Common Stock,$22.63,-1.17,-4.916%,42061182.00,United States,,474,,
BDR,Blonder Tongue Laboratories Inc. Common Stock,$1.10,-0.01,-0.901%,13156556.00,United States,,88513,Capital Goods,Industrial Machinery/Components
BGI,Birks Group Inc. Common Stock,$1.87,0.39,26.351%,33605547.00,Canada,,4351755,,
BHB,Bar Harbor Bankshares Inc. Common Stock,$28.60,-0.35,-1.209%,428293580.00,United States,,18333,Finance,Major Banks
BKTI,BK Technologies Corporation Common Stock,$4.46,0.034,0.768%,55912661.00,United States,,15356,Technology,Radio And Television Broadcasting And Communications Equipment
BMTX,BM Technologies Inc. Common Stock,$9.22,0.00,0.00%,112486784.00,,2018,61744,Technology,EDP Services
BRBS,Blue Ridge Bankshares Inc. Common Stock,$16.59,-0.16,-0.955%,308929109.00,,,29753,Finance,Commercial Banks
BRG,Bluerock Residential Growth REIT Inc. Class A Common Stock,$9.56,-0.24,-2.449%,219665187.00,,2014,291411,Consumer Services,Real Estate Investment Trusts
BRG^C,Bluerock Residential Growth REIT Inc. 7.625% Series C Cumulative Redeemable Preferred Stock,$25.3628,-0.0572,-0.225%,,,,3745,,
BRG^D,Bluerock Residential Growth REIT Inc. 7.125% Series D Cumulative Preferred Stock ($0.01 par value per share),$25.334,-0.046,-0.181%,,,,2423,,
BRN,Barnwell Industries Inc. Common Stock,$2.67,-0.10,-3.61%,22100017.00,United States,,369364,Energy,Oil & Gas Production
BTG,B2Gold Corp Common shares (Canada),$5.15,0.10,1.98%,5417535954.00,Canada,,5559188,,
BTN,Ballantyne Strong Inc. Common Stock,$4.56,-0.18,-3.797%,83455041.00,United States,,208784,Miscellaneous,Industrial Machinery/Components
BTX,Brooklyn ImmunoTherapeutics Inc. Common Stock,$30.60,-1.70,-5.263%,1271799403.00,United States,,6664204,,
BWL/A,Bowl America Inc.,$10.33,-0.32,-3.005%,,United States,,795,,
CANF,Can-Fite Biopharma Ltd Sponsored ADR (Israel),$2.01,0.00,0.00%,34555001.00,Israel,,266998,Health Care,Major Pharmaceuticals
CCF,Chase Corporation Common Stock,$114.61,-0.74,-0.642%,1082877800.00,United States,,20216,Basic Industries,Paints/Coatings
CDOR,Condor Hospitality Trust Inc. Common Stock,$3.76,-0.43,-10.263%,45195730.00,United States,,329293,Consumer Services,Real Estate Investment Trusts
CEI,Camber Energy Inc. Common Stock,$0.6239,-0.0201,-3.121%,26235482.00,United States,,2020309,Energy,Oil & Gas Production
CET,Central Securities Corporation Common Stock,$39.2799,-0.3801,-0.958%,1030720406.00,United States,,13957,,
CEV,Eaton Vance California Municipal Income Trust Shares of Beneficial Interest,$13.70,-0.05,-0.364%,97729978.00,United States,1999,13616,,
CHAQ,Chardan Healthcare Acquisition 2 Corp. Common Stock,$10.0001,-0.10,-0.99%,107784128.00,,2020,3729,,
CHFW,Consonance-HFW Acquisition Corp. Class A Ordinary Shares,$9.85,-0.0027,-0.027%,118534900.00,,2021,3454,,
CIK,Credit Suisse Asset Management Income Fund Inc. Common Stock,$3.63,0.18,5.217%,189866892.00,United States,,2272997,,
CIX,CompX International Inc. Common Stock,$22.81,0.25,1.108%,282870391.00,United States,1998,24278,Miscellaneous,Diversified Manufacture
CKX,CKX Lands Inc. Common Stock,$13.8899,0.8328,6.378%,26981061.00,United States,,6031,Energy,Oil & Gas Production
CLM,Cornerstone Strategic Value Fund Inc. New Common Stock,$12.47,0.03,0.241%,968575264.00,United States,1987,911845,,
CMCL,Caledonia Mining Corporation Plc Common Shares,$14.29,0.20,1.419%,173177981.00,Canada,,95673,Basic Industries,Precious Metals
CMT,Core Molding Technologies Inc Common Stock,$14.00,-0.01,-0.071%,118782678.00,United States,,38251,Consumer Durables,Electronic Components
COHN,Cohen & Company Inc.,$28.65,-3.00,-9.479%,38019610.00,United States,,52606,Finance,Investment Managers
CPHI,China Pharma Holdings Inc. Common Stock,$0.582,-0.028,-4.59%,26527302.00,China,,278746,Health Care,Major Pharmaceuticals
CQP,Cheniere Energy Partners LP Cheniere Energy Partners LP Common Units,$40.86,-0.99,-2.366%,19777103086.00,United States,2007,160821,Public Utilities,Oil/Gas Transmission
CRF,Cornerstone Total Return Fund Inc. (The) Common Stock,$12.03,0.08,0.669%,493754604.00,United States,,529198,,
CTEK,CynergisTek Inc. Common Stock,$1.86,0.09,5.085%,22544498.00,United States,2017,39868,Technology,Retail: Computer Software & Peripheral Equipment
CVM,Cel-Sci Corporation Common Stock,$21.44,0.77,3.725%,868947720.00,United States,,446515,Health Care,Biotechnology: Biological Products (No Diagnostic Substances)
CVR,Chicago Rivet & Machine Co. Common Stock,$26.57,-0.32,-1.19%,25670127.00,United States,,903,Consumer Non-Durables,Industrial Specialties
CVU,CPI Aerostructures Inc. Common Stock,$4.15,-0.01,-0.24%,50755691.00,United States,,42527,Capital Goods,Military/Government/Technical
DHY,Credit Suisse High Yield Bond Fund Common Stock,$2.47,0.00,0.00%,255663283.00,United States,1998,690508,,
DIT,AMCON Distributing Company Common Stock,$129.00,-0.51,-0.394%,71126601.00,United States,,115,Consumer Non-Durables,Food Distributors
DLA,Delta Apparel Inc. Common Stock,$33.80,-0.30,-0.88%,235743508.00,United States,,38515,Consumer Non-Durables,Department/Specialty Retail Stores
DMF,BNY Mellon Municipal Income Inc. Common Stock,$9.19,-0.01,-0.109%,190699834.00,United States,1988,20737,,
DNN,Denison Mines Corp Ordinary Shares (Canada),$1.15,0.01,0.877%,925641246.00,Canada,,10072160,,
DPW,Ault Global Holdings Inc. Common Stock,$2.39,0.00,0.00%,118301836.00,United States,,1856435,Capital Goods,Industrial Machinery/Components
DSS,Document Security Systems Inc. Common Stock,$2.75,-0.05,-1.786%,76092844.00,United States,,882274,Consumer Services,Recreational Products/Toys
DXF,Dunxin Financial Holdings Limited American Depositary Shares,$2.43,0.30,14.085%,50736424.00,China,,332547,Consumer Non-Durables,Apparel
DXR,Daxor Corporation Common Stock,$9.70,0.00,0.00%,39128607.00,United States,,1948,Health Care,Medical/Dental Instruments
EAD,Wells Fargo Income Opportunities Fund Common Shares,$8.71,-0.04,-0.457%,527705924.00,United States,2003,146383,,
ECF,Ellsworth Growth and Income Fund Ltd.,$13.88,-0.27,-1.908%,187372477.00,United States,1986,17475,,
ECF^A,Ellsworth Growth and Income Fund Ltd. 5.25% Series A Cumulative Preferred Shares (Liquidation Preference $25.00 per share),$26.05,0.12,0.463%,,United States,,700,,
EIM,Eaton Vance Municipal Bond Fund Common Shares of Beneficial Interest $.01 par value,$13.58,-0.04,-0.294%,977124239.00,United States,2002,118489,,
ELA,Envela Corporation Common Stock,$4.14,0.14,3.50%,111466937.00,United States,,153931,Consumer Services,Consumer Specialties
ELLO,Ellomay Capital Ltd Ordinary Shares (Israel),$30.50,-0.83,-2.649%,391602524.00,Israel,,3089,Public Utilities,Electric Utilities: Central
ELMD,Electromed Inc. Common Stock,$10.05,0.02,0.199%,86782202.00,United States,2011,30994,Health Care,Biotechnology: Electromedical & Electrotherapeutic Apparatus
EMAN,eMagin Corporation Common Stock,$2.32,0.06,2.655%,166983837.00,United States,,924388,Capital Goods,Industrial Machinery/Components
EMX,EMX Royalty Corporation Common Shares (Canada),$3.54,0.00,0.00%,300881939.00,Canada,,152287,,
ENSV,Enservco Corporation Common Stock,$1.26,-0.005,-0.395%,14197612.00,United States,,395313,Energy,Oilfield Services/Equipment
ENX,Eaton Vance New York Municipal Bond Fund Common Shares of Beneficial Interest $.01 par value,$12.48,-0.13,-1.031%,226116309.00,United States,2002,26598,,
EPM,Evolution Petroleum Corporation Inc. Common Stock,$3.72,-0.14,-3.627%,124584846.00,United States,,187455,Energy,Oil & Gas Production
EQX,Equinox Gold Corp. Common Shares,$8.65,-0.08,-0.916%,2585272928.00,Canada,,1272364,,
ERC,Wells Fargo Multi-Sector Income Fund Common Stock no par value,$12.7727,0.0727,0.572%,359322720.00,United States,2003,100718,,
ERH,Wells Fargo Utilities and High Income Fund,$13.82,-0.08,-0.576%,128144706.00,,2004,21136,,
ESP,Espey Mfg. & Electronics Corp. Common Stock,$15.195,0.175,1.165%,41066508.00,United States,,1513,Capital Goods,Industrial Machinery/Components
EVBN,Evans Bancorp Inc. Common Stock,$35.09,-0.76,-2.12%,190665164.00,United States,,12311,Finance,Major Banks
EVI,EVI Industries Inc.  Common Stock,$26.28,-0.17,-0.643%,321966503.00,United States,,45622,Capital Goods,Industrial Machinery/Components
EVM,Eaton Vance California Municipal Bond Fund Common Shares of Beneficial Interest $.01 par value,$11.92,-0.08,-0.667%,297932521.00,United States,2002,48187,,
EVV,Eaton Vance Limited Duration Income Fund Common Shares of Beneficial Interest,$12.96,0.00,0.00%,1505265353.00,United States,2003,421744,,
EVY,Eaton Vance New York Municipal Income Trust Shares of Beneficial Interest,$14.86,-0.0827,-0.553%,80271164.00,United States,1999,23168,,
EXN,Excellon Resources Inc. Common Shares,$2.785,0.135,5.094%,90156337.00,,2020,57568,,
FAX,Aberdeen Asia-Pacific Income Fund Inc Common Stock,$4.29,-0.06,-1.379%,1062614845.00,United States,1986,561364,,
FCO,Aberdeen Global Income Fund Inc. Common Stock,$8.60,-0.02,-0.232%,75132283.00,United States,1992,20802,,
FEN,First Trust Energy Income and Growth Fund,$14.03,-0.12,-0.848%,272821347.00,United States,2004,58706,,
FRD,Friedman Industries Inc. Common Stock,$10.05,-0.15,-1.471%,69403782.00,United States,,37524,Basic Industries,Steel/Iron Ore
FSI,Flexible Solutions International Inc. Common Stock (CDA),$3.11,0.02,0.647%,38292015.00,Canada,,60460,Capital Goods,Recreational Products/Toys
FSP,Franklin Street Properties Corp. Common Stock,$5.02,-0.21,-4.015%,538787559.00,United States,,208904,Consumer Services,Real Estate Investment Trusts
FTF,Franklin Limited Duration Income Trust Common Shares of Beneficial Interest,$9.25,0.02,0.217%,278784224.00,United States,2003,118455,,
FTSI,FTS International Inc. Class A Common Stock,$27.10,-1.08,-3.833%,379128187.00,United States,2020,46231,Energy,Oilfield Services/Equipment
FURY,Fury Gold Mines Limited Common Shares,$1.33,-0.02,-1.481%,156720085.00,,2020,228753,,
GAU,Galiano Gold Inc.,$1.27,0.04,3.252%,285334864.00,Canada,,939857,,
GBR,New Concept Energy Inc Common Stock,$3.99,-0.11,-2.683%,20476417.00,United States,,264440,Consumer Services,Real Estate
GDP,Goodrich Petroleum Corporation Common Stock,$10.84,-0.26,-2.342%,145280834.00,United States,2017,41495,Energy,Oil & Gas Production
GGN,GAMCO Global Gold Natural Resources & Income Trust,$3.91,0.03,0.773%,602062328.00,United States,2005,1254173,,
GGN^B,GAMCO Global Gold Natural Reources & Income Trust 5.00% Series B Cumulative 25.00 Liquidation Preference,$25.46,-0.08,-0.313%,,United States,,623,,
GLDG,GoldMining Inc. Common Shares,$1.64,0.02,1.235%,245198663.00,,,314799,,
GLO,Clough Global Opportunities Fund Common Stock,$12.33,-0.49,-3.822%,397327000.00,United States,2006,402144,,
GLQ,Clough Global Equity Fund Clough Global Equity Fund Common Shares of Beneficial Interest,$15.33,-0.42,-2.667%,202828609.00,United States,2005,205237,,
GLU,Gabelli Global Utility Common Shares of Beneficial Ownership,$22.77,0.75,3.406%,122356371.00,United States,2004,23313,,
GLV,Clough Global Dividend and Income Fund Common Shares of beneficial interest,$11.75,-0.27,-2.246%,98790757.00,United States,2004,113663,,
GOED,1847 Goedeker Inc. Commom Stock,$5.47,-0.16,-2.842%,33428264.00,United States,2020,18571,Capital Goods,Recreational Products/Toys
GORO,Gold Resource Corporation Common Stock,$2.73,0.00,0.00%,203219030.00,United States,,1150045,Basic Industries,Precious Metals
GPL,Great Panther Mining Limited Ordinary Shares (Canada),$0.825,0.0095,1.165%,293204818.00,Canada,,1527018,,
GRF,Eagle Capital Growth Fund Inc. Common Stock,$8.73,-0.07,-0.795%,35568822.00,United States,,1925,,
GROY,Gold Royalty Corp. Common Shares,$4.76,-0.24,-4.80%,194327000.00,,2021,174923,,
GSAT,Globalstar Inc. Common Stock,$1.10,0.01,0.917%,1971200000.00,United States,2006,13504959,Consumer Services,Telecommunications Equipment
GSS,Golden Star Resources Ltd Common Stock,$3.35,-0.03,-0.888%,384219751.00,United States,,467166,,
GSV,Gold Standard Ventures Corporation Common Stock (Canada),$0.585,-0.0013,-0.222%,209123580.00,Canada,,805883,,
GTE,Gran Tierra Energy Inc. Common Stock,$0.6683,-0.0125,-1.836%,245253774.00,Canada,,3461085,Energy,Oil & Gas Production
HLM^,Hillman Group Capital Trust Preferred Stock,$26.51,-0.20,-0.749%,,United States,,8854,,
HMG,HMG/Courtland Properties Inc. Common Stock,$12.2682,0.0632,0.518%,12357120.00,United States,,922,Consumer Services,Real Estate Investment Trusts
HNW,Pioneer Diversified High Income Fund Inc.,$15.16,0.01,0.066%,126325096.00,United States,2007,46483,,
HUSA,Houston American Energy Corporation Common Stock,$1.55,-0.02,-1.274%,15381174.00,United States,,238240,Energy,Oil & Gas Production
HWM^,Howmet Aerospace Inc. $3.75 Preferred Stock,$74.51,0.00,0.00%,,United States,,25,,
IAF,Aberdeen Australia Equity Fund Inc Common Stock,$6.43,-0.09,-1.38%,149845305.00,United States,,52871,,
IBIO,iBio Inc. Common Stock,$1.65,0.00,0.00%,356416386.00,United States,,10064209,Health Care,Major Pharmaceuticals
ID,PARTS iD Inc. Class A Common Stock,$5.72,-0.73,-11.318%,188036174.00,United States,2017,180655,Miscellaneous,Diversified Commercial Services
IGC,India Globalization Capital Inc. Common Stock,$1.41,0.01,0.714%,63966515.00,United States,,588072,Technology,Engineering & Construction
IHT,InnSuites Hospitality Trust Shares of Beneficial Interest,$6.60,0.21,3.286%,59819192.00,United States,,39293427,Consumer Services,Real Estate Investment Trusts
IMH,Impac Mortgage Holdings Inc. Common Stock ,$2.06,0.01,0.488%,43945329.00,United States,1997,374027,Finance,Finance: Consumer Services
IMO,Imperial Oil Limited Common Stock,$30.99,-0.02,-0.064%,22749038637.00,Canada,,1506821,,
INDO,Indonesia Energy Corporation Limited Ordinary Shares,$5.37,0.17,3.269%,39780718.00,,2019,2692,Energy,Oil & Gas Production
INFU,InfuSystems Holdings Inc. Common Stock,$18.42,-0.41,-2.177%,374991597.00,United States,,118141,Health Care,Medical/Dental Instruments
INS,Intelligent Systems Corporation Common Stock,$35.87,0.05,0.14%,318609895.00,United States,1992,36495,Technology,Retail: Computer Software & Peripheral Equipment
INTT,inTest Corporation Common Stock,$12.30,-0.30,-2.381%,131737071.00,United States,1997,137411,Technology,Semiconductors
INUV,Inuvo Inc.,$0.666,0.006,0.909%,78931792.00,United States,,1754356,Technology,Advertising
IOR,Income Opportunity Realty Investors Inc. Common Stock,$12.40,0.07,0.568%,51688334.00,United States,,2317,Finance,Diversified Financial Services
ISDR,Issuer Direct Corporation Common Stock,$28.28,1.03,3.78%,106501773.00,United States,,54965,Technology,EDP Services
ISR,IsoRay Inc. Common Stock (DE),$0.8498,0.0319,3.90%,119991635.00,United States,,1395334,Health Care,Medical/Dental Instruments
ITP,IT Tech Packaging Inc. Common Stock,$0.5098,0.0209,4.275%,50493600.00,China,,3752096,Basic Industries,Paper
ITRG,Integra Resources Corp. Common Shares,$3.105,0.035,1.14%,170144406.00,,,60471,,
JOB,GEE Group Inc. Common Stock,$0.5548,0.0507,10.058%,62970052.00,United States,,8227647,Technology,Diversified Commercial Services
KIQ,Kelso Technologies Inc Ordinary Shares,$0.6444,-0.0276,-4.107%,34907203.00,Canada,,869473,,
KLR,Kaleyra Inc. Common Stock,$12.62,0.72,6.05%,382243230.00,United States,2018,528980,Technology,Internet and Information Services
LCTX,Lineage Cell Therapeutics Inc. Common Stock,$2.41,-0.11,-4.365%,361455046.00,United States,,1984447,Health Care,Biotechnology: Biological Products (No Diagnostic Substances)
LEU,Centrus Energy Corp. Class A Common Stock,$24.18,-0.55,-2.224%,329762052.00,United States,2014,54015,,
LGL,LGL Group Inc. (The) Common Stock,$12.49,0.29,2.377%,66546295.00,United States,,12026,Capital Goods,Industrial Machinery/Components
LNG,Cheniere Energy Inc. Common Stock,$82.13,0.45,0.551%,20823020995.00,United States,,1088503,Public Utilities,Oil/Gas Transmission
LODE,Comstock Mining Inc. Common Stock,$3.32,0.13,4.075%,140952310.00,United States,,827517,Finance,Real Estate
LOV,Spark Networks Inc. American Depositary Shares (each representing one-tenth of an Ordinary Share),$6.29,-0.33,-4.985%,163897838.00,United States,2017,86093,Miscellaneous,Other Consumer Services
LSF,Laird Superfood Inc. Common Stock,$35.79,0.84,2.403%,318364648.00,,2020,103545,Consumer Non-Durables,Specialty Foods
LXFR,Luxfer Holdings PLC Ordinary Shares,$21.61,-0.83,-3.699%,619119261.00,United Kingdom,2012,67319,Capital Goods,Metal Fabrications
MAG,MAG Silver Corporation Ordinary Shares,$19.68,0.77,4.072%,1864547790.00,Canada,,418286,,
MCF,Contango Oil & Gas Company Common Stock (TX),$4.00,0.09,2.302%,797093928.00,United States,,683657,Energy,Oil & Gas Production
MHH,Mastech Digital Inc Common Stock,$15.78,0.18,1.154%,180382001.00,United States,,33625,Consumer Services,Professional Services
MLSS,Milestone Scientific Inc. Common Stock,$2.35,0.00,0.00%,151919698.00,United States,2015,182316,Health Care,Industrial Specialties
MMX,Maverix Metals Inc. Common Shares,$5.94,0.24,4.211%,837586403.00,,,194221,,
MSN,Emerson Radio Corporation Common Stock,$1.11,0.06,5.714%,23357344.00,United States,,157515,Consumer Non-Durables,Consumer Electronics/Appliances
MTA,Metalla Royalty & Streaming Ltd. Common Shares,$9.76,0.16,1.667%,410337611.00,,,277957,,
MTNB,Matinas Biopharma Holdings Inc. Common Stock,$0.8111,0.0416,5.406%,165688598.00,United States,2017,1058254,Health Care,Major Pharmaceuticals
MXC,Mexco Energy Corporation Common Stock,$7.49,0.11,1.491%,15516778.00,United States,,193078,Energy,Oil & Gas Production
MYO,Myomo Inc. Common Stock,$9.08,0.15,1.68%,50884529.00,United States,2017,58791,Health Care,Industrial Specialties
NAK,Northern Dynasty Minerals Ltd. Common Stock,$0.5427,-0.0167,-2.985%,278291240.00,Canada,,4946170,,
NAVB,Navidea Biopharmaceuticals Inc. Common Stock,$1.63,0.03,1.875%,46564696.00,United States,,136589,Health Care,Biotechnology: In Vitro & In Vivo Diagnostic Substances
NBA,New Beginnings Acquisition Corp. Common Stock,$9.97,-0.03,-0.30%,148752400.00,,2020,14439,,
NBH,Neuberger Berman Municipal Fund Inc. Common Stock,$16.17,-0.11,-0.676%,304288612.00,United States,2002,26574,,
NBO,Neuberger Berman New York Municipal Fund Inc. Common Stock,$12.77,-0.23,-1.769%,64838615.00,United States,2002,3736,,
NBW,Neuberger Berman California Municipal Fund Inc Common Stock,$14.35,-0.0093,-0.065%,79657481.00,United States,2002,27802,,
NBY,NovaBay Pharmaceuticals Inc. Common Stock,$0.7152,-0.0015,-0.209%,29882904.00,United States,2007,413515,Health Care,Major Pharmaceuticals
NEN,New England Realty Associates Limited Partnership Class A Depositary Receipts Evidencing Units of Limited Partnership,$58.75,0.50,0.858%,214595890.00,United States,,280,Consumer Services,Building operators
NES,Nuverra Environmental Solutions Inc. Common Stock,$2.02,0.00,0.00%,32306036.00,United States,2017,12438,Public Utilities,Water Supply
NG,Novagold Resources Inc.,$9.73,0.41,4.399%,3223852420.00,Canada,,839318,,
NGD,New Gold Inc.,$1.88,0.09,5.028%,1279716000.00,Canada,,5676789,,
NHC,National HealthCare Corporation Common Stock,$70.51,-0.08,-0.113%,1085370301.00,United States,,37112,Health Care,Hospital/Nursing Management
NHS,Neuberger Berman High Yield Strategies Fund,$13.09,-0.06,-0.456%,255786258.00,United States,,7126,,
NML,Neuberger Berman MLP and Energy Income Fund Inc. Common Stock,$4.63,-0.10,-2.114%,262330837.00,,2013,185737,,
NNVC,NanoViricides Inc. Common Stock,$3.41,0.12,3.647%,36408570.00,United States,,107719,Health Care,Major Pharmaceuticals
NOG,Northern Oil and Gas Inc. Common Stock,$16.09,0.22,1.386%,971883707.00,United States,,715452,Energy,Oil & Gas Production
NRO,Neuberger Berman Real Estate Securities Income Fund Inc. Neuberger Berman Real Estate Securities Income Fund Inc.,$4.67,-0.09,-1.891%,221453273.00,United States,2003,264315,,
NSPR,InspireMD Inc. Common Stock,$4.95,0.21,4.43%,38871509.00,Israel,,423019,Health Care,Medical/Dental Instruments
NTIP,Network-1 Technologies Inc. Common Stock,$3.21,0.03,0.943%,77415984.00,United States,,20703,Capital Goods,Telecommunications Equipment
NXE,Nexgen Energy Ltd. Common Shares,$4.44,-0.06,-1.333%,2089836600.00,,,2055980,,
OGEN,Oragenics Inc. Common Stock,$0.66,0.0244,3.839%,76321256.00,United States,,1885676,Health Care,Major Pharmaceuticals
ORLA,Orla Mining Ltd. Common Shares,$4.38,0.01,0.229%,1041069170.00,,2020,240142,,
PCG^A,Pacific Gas & Electric Co. 6% Preferred Stock,$29.28,-0.55,-1.844%,,United States,,1381,,
PCG^B,Pacific Gas & Electric Co. 5 1/2% Preferred Stock,$27.005,0.485,1.829%,,United States,,350,,
PCG^C,Pacific Gas & Electric Co. 5% 1st Preferred Stock,$24.85,0.00,0.00%,,United States,,67,,
PCG^D,Pacific Gas & Electric Co. 5% 1st  Red. Preferred Stock,$24.42,0.02,0.082%,,United States,,312,,
PCG^H,Pacific Gas & Electric Co. 4.50% 1st Preferred Stock,$22.31,0.00,0.00%,,United States,,270,,
PED,Pedevco Corp. Common Stock,$1.45,-0.04,-2.685%,115190324.00,United States,,119390,,
PHGE,BiomX Inc. COmmon Stock,$6.01,0.10,1.692%,146097607.00,,2019,14826,Health Care,Major Pharmaceuticals
PLAG,Planet Green Holdings Corp. Common Stock,$1.50,-0.20,-11.765%,30014895.00,China,,458172,,
PLG,Platinum Group Metals Ltd. Ordinary Shares (Canada),$4.86,0.00,0.00%,359435462.00,Canada,,978130,,
PLM,Polymet Mining Corporation Ordinary Shares (Canada),$2.87,0.10,3.61%,289517908.00,Canada,,117804,,
PLX,Protalix BioTherapeutics Inc. (DE) Common Stock,$2.94,-0.09,-2.97%,133425523.00,Israel,,1252234,Health Care,Biotechnology: Biological Products (No Diagnostic Substances)
PLYM^A,Plymouth Industrial REIT Inc. 7.50% Series A Cumulative Redeemable Preferred Stock,$27.00,0.62,2.35%,,United States,,2807,,
PRK,Park National Corporation Common Stock,$125.12,-1.33,-1.052%,2044541377.00,United States,,22722,Finance,Major Banks
PTK,PTK Acquisition Corp. Common Stock,$9.84,-0.04,-0.405%,141450000.00,United States,2020,12064,,
PTN,Palatin Technologies Inc. Common Stock,$0.528,-0.0047,-0.882%,121466237.00,United States,,1527023,Health Care,Major Pharmaceuticals
PW,Power REIT (MD) Common Stock,$40.82,-0.23,-0.56%,134686937.00,United States,,33749,Consumer Services,Real Estate Investment Trusts
PW^A,Power REIT 7.75% Series A Cumulative Perpetual Preferred Stock,$27.47,0.365,1.347%,,United States,,862,,
PZG,Paramount Gold Nevada Corp. Common Stock,$1.03,-0.05,-4.63%,38827313.00,United States,2015,195954,Basic Industries,Precious Metals
RCG,RENN Fund Inc Common Stock,$2.54,0.05,2.008%,15117968.00,United States,,12616,,
REI,Ring Energy Inc. Common Stock,$2.25,-0.01,-0.442%,223158571.00,United States,,1198760,Energy,Oil & Gas Production
REPX,Riley Exploration Permian Inc. Common Stock,$33.74,-0.69,-2.004%,608046152.00,United States,,7775,Energy,Oil & Gas Production
RHE,Regional Health Properties Inc. Common Stock,$17.82,0.67,3.907%,30084063.00,,2017,3579507,Health Care,Hospital/Nursing Management
RHE^A,Regional Health Properties Inc. 10.875% Series A Cumulative Redeemable Preferred Stock,$4.50,0.07,1.58%,,,,14563,,
RLGT,Radiant Logistics Inc. Common Stock,$7.91,0.81,11.408%,395243233.00,United States,,754764,Transportation,Oil Refining/Marketing
RMED,Ra Medical Systems Inc. Common Stock,$3.32,-0.29,-8.033%,10809854.00,,2018,621464,Health Care,Medical/Dental Instruments
RVP,Retractable Technologies Inc. Common Stock,$9.20,-0.19,-2.023%,312639957.00,United States,,408435,Health Care,Medical/Dental Instruments
SACC,Sachem Capital Corp. 6.875% Notes due 2024,$25.35,-0.0499,-0.196%,0.00,United States,2019,1900,Consumer Services,Real Estate Investment Trusts
SACH,Sachem Capital Corp. Common Shares,$5.19,-0.04,-0.765%,115779916.00,United States,2017,168994,Consumer Services,Real Estate Investment Trusts
SCCB,Sachem Capital Corp. 7.125% Notes due 2024,$25.50,-0.05,-0.196%,0.00,United States,2019,2787,Consumer Services,Real Estate Investment Trusts
SCCC,Sachem Capital Corp. 7.75% Notes due 2025,$26.15,-0.29,-1.097%,0.00,United States,2020,11234,Consumer Services,Real Estate Investment Trusts
SDPI,Superior Drilling Products Inc. Common Stock,$0.79,-0.0251,-3.079%,20352250.00,,2014,38272,,
SEB,Seaboard Corporation Common Stock,$3725.08,-62.17,-1.642%,4323994637.00,United States,1996,942,,
SENS,Senseonics Holdings Inc. Common Stock,$1.86,0.06,3.333%,795921870.00,United States,,17733766,Health Care,Medical Specialities
SIF,SIFCO Industries Inc. Common Stock,$10.16,0.36,3.673%,60849551.00,United States,,16119,Capital Goods,Office Equipment/Supplies/Services
SILV,SilverCrest Metals Inc. Common Shares,$9.03,0.07,0.781%,1304455415.00,,2018,682164,Capital Goods,Industrial Machinery/Components
SIM,Grupo Simec S.A.B. de C.V. American Depositary Shares,$19.82,2.82,16.588%,3288198867.00,Mexico,1993,8674,Basic Industries,Aluminum
SMTS,Sierra Metals Inc. Common Stock,$3.37,-0.06,-1.749%,550752866.00,,,837459,,
SNMP,Evolve Transition Infrastructure LP Common Stock,$0.692,-0.0382,-5.231%,38880282.00,United States,,194113,Energy,Oil & Gas Production
SSY,SunLink Health Systems Inc. Common Stock,$3.06,-0.03,-0.971%,21111922.00,United States,,2057884,Health Care,Medical/Nursing Services
STXS,Stereotaxis Inc. Common Stock,$7.00,-0.14,-1.961%,518563353.00,United States,,442578,Health Care,Biotechnology: Electromedical & Electrotherapeutic Apparatus
SVM,Silvercorp Metals Inc. Common Shares,$5.90,0.19,3.327%,1034613451.00,,,957822,,
SVT,Servotronics Inc. Common Stock,$7.67,0.00,0.00%,19010149.00,United States,,99,Consumer Durables,Metal Fabrications
SYN,Synthetic Biologics Inc. Common Stock,$0.5189,0.0349,7.211%,68516873.00,United States,,3950246,Health Care,Major Pharmaceuticals
TGB,Taseko Mines Ltd. Common Stock,$2.62,0.12,4.80%,741955243.00,Canada,,4914902,,
THM,International Tower Hill Mines Ltd. Ordinary Shares (Canada),$1.08,-0.01,-0.917%,210500839.00,Canada,,114491,,
TKAT,Takung Art Co. Ltd. Common Stock,$22.10,0.13,0.592%,249097476.00,,,408672,Consumer Services,Catalog/Specialty Distribution
TMBR,Timber Pharmaceuticals Inc. Common Stock,$1.10,0.00,0.00%,40325654.00,United States,2015,1676516,Consumer Durables,Specialty Chemicals
TMP,Tompkins Financial Corporation Common Stock,$78.36,-0.46,-0.584%,1167958699.00,United States,,25626,,
TMQ,Trilogy Metals Inc. Common Stock,$2.51,0.11,4.583%,362174863.00,Canada,,604873,,
TPHS,Trinity Place Holdings Inc. Common Stock,$1.84,-0.01,-0.541%,59699849.00,,,14006,Consumer Services,Real Estate
TRT,Trio-Tech International Common Stock,$4.80,-0.16,-3.226%,17810664.00,United States,,10500,Technology,Industrial Machinery/Components
TRX,Tanzanian Gold Corporation Common Stock,$0.5372,-0.0008,-0.149%,136916463.00,Canada,,1570179,,
UAMY,United States Antimony Corporation Common Stock,$0.77,-0.0597,-7.195%,79156077.00,United States,,2612096,,
UAVS,AgEagle Aerial Systems Inc. Common Stock,$4.75,0.06,1.279%,322073579.00,United States,,3801912,,
UEC,Uranium Energy Corp. Common Stock,$3.04,-0.08,-2.564%,700792179.00,Canada,,5604582,Basic Industries,Other Metals and Minerals
UFAB,Unique Fabricating Inc. Common Stock,$3.86,-0.1287,-3.227%,37747507.00,United States,2015,11024,,
URG,Ur Energy Inc Common Shares (Canada),$1.36,-0.09,-6.207%,257569176.00,Canada,,4633299,,
USAS,Americas Gold and Silver Corporation Common Shares no par value,$2.40,0.08,3.448%,319299482.00,,2017,625891,,
UTG,Reaves Utility Income Fund Common Shares of Beneficial Interest,$35.09,0.04,0.114%,1954405625.00,United States,2004,235565,,
UUU,Universal Security Instruments Inc. Common Stock,$5.01,-0.11,-2.148%,11587564.00,United States,,202927,Miscellaneous,Diversified Manufacture
UUUU,Energy Fuels Inc Ordinary Shares (Canada),$5.75,-0.11,-1.877%,815937357.00,,,4236127,,
VCF,Delaware Investments Colorado Municipal Income Fund Inc  Common Stock,$14.60,0.07,0.482%,70621660.00,United States,1993,7234,,
VFL,Delaware Investments National Municipal Income Fund Common Stock,$13.80,0.05,0.364%,62492513.00,United States,1993,16109,,
VGZ,Vista Gold Corp Common Stock,$1.12,0.02,1.818%,116646794.00,United States,,285156,,
VHAQ,Viveon Health Acquisition Corp. Common Stock,$9.92,0.06,0.609%,249550000.00,,2021,2426,,
VKI,Invesco Advantage Municipal Income Trust II Common Shares of Beneficial Interest (DE),$12.28,-0.05,-0.406%,545128246.00,United States,,126333,,
VMM,Delaware Investments Minnesota Municipal Income Fund II Inc. Common Stock,$13.635,0.005,0.037%,156870334.00,United States,1993,4755,,
VNRX,VolitionRX Limited Common Stock,$3.13,0.10,3.30%,165554192.00,Singapore,2015,205169,Health Care,Biotechnology: Biological Products (No Diagnostic Substances)
VOLT,Volt Information Sciences Inc. Common Stock,$3.95,0.07,1.804%,85859471.00,United States,,26898,,
WLMS,Williams Industrial Services Group Inc. Common Stock,$5.02,0.22,4.583%,129997925.00,,2021,130092,Capital Goods,Oilfield Services/Equipment
WRN,Western Copper and Gold Corporation Common Stock,$1.66,-0.01,-0.599%,225424074.00,Canada,2011,1012722,,
WTT,Wireless Telecom Group  Inc. Common Stock,$1.706,-0.079,-4.426%,36980107.00,United States,,71675,Capital Goods,Telecommunications Equipment
WWR,Westwater Resources Inc. Common Stock,$3.88,0.11,2.918%,125464902.00,United States,,1557159,Basic Industries,Other Metals and Minerals
WYY,WidePoint Corporation Common Stock,$7.81,-0.04,-0.51%,70847251.00,United States,,57139,Technology,EDP Services
XPL,Solitario Zinc Corp. Common Stock,$0.66,-0.0149,-2.208%,38563217.00,United States,,499053,,
XTNT,Xtant Medical Holdings Inc. Common Stock,$1.61,-0.06,-3.593%,139598730.00,United States,,312795,Health Care,Medical Specialities
XXII,22nd Century Group Inc. Common Stock,$4.46,0.00,0.00%,679900967.00,United States,,2048518,,
YCBD,cbdMD Inc. Common Stock,$3.44,0.00,0.00%,191386578.00,United States,2017,315690,Health Care,Major Pharmaceuticals
YCBD^A,cbdMD Inc. 8.0% Series A Cumulative Convertible Preferred Stock,$9.115,-0.06,-0.654%,,United States,,7290,,
ZDGE,Zedge Inc. Class B Common Stock ,$11.13,0.08,0.724%,150607832.00,,2016,247662,Technology,Computer Software: Prepackaged Software
ZOM,Zomedica Corp. Common Shares,$0.8498,0.0773,10.006%,826020308.00,United States,2017,35406900,,
